time,seconds_elapsed,z,y,x
1772639544218072800,0.05107275390625,-0.965850830078125,0.0636444091796875,0.0744781494140625
1772639544228117800,0.06111767578125,-0.97113037109375,0.064544677734375,0.0725250244140625
1772639544238162700,0.07116259765625,-0.9793701171875,0.06842041015625,0.0705718994140625
1772639544248208000,0.081207763671875,-0.9841156005859375,0.0720367431640625,0.06610107421875
1772639544258252800,0.091252685546875,-0.987548828125,0.073211669921875,0.06439208984375
1772639544268297700,0.101297607421875,-0.9920501708984375,0.0749664306640625,0.0645751953125
1772639544278342700,0.1113427734375,-0.99359130859375,0.074737548828125,0.0657501220703125
1772639544288387800,0.121387939453125,-0.9915924072265625,0.0771484375,0.062774658203125
1772639544298432000,0.131431884765625,-0.9906768798828125,0.07440185546875,0.0561981201171875
1772639544308476700,0.1414765625,-0.9835662841796875,0.07293701171875,0.0529022216796875
1772639544318521900,0.15152197265625,-0.9755401611328125,0.07177734375,0.05328369140625
1772639544328566800,0.16156689453125,-0.9705963134765625,0.0692596435546875,0.057464599609375
1772639544338612000,0.171612060546875,-0.9700164794921875,0.0681610107421875,0.059783935546875
1772639544348657000,0.181656982421875,-0.9723663330078125,0.069610595703125,0.061737060546875
1772639544358701800,0.191701904296875,-0.9729156494140625,0.0699920654296875,0.0632781982421875
1772639544368746800,0.201746826171875,-0.9756317138671875,0.06927490234375,0.063018798828125
1772639544378792000,0.2117919921875,-0.9738616943359375,0.0693511962890625,0.0625152587890625
1772639544388836900,0.2218369140625,-0.97698974609375,0.06787109375,0.0621795654296875
1772639544398881800,0.2318818359375,-0.9825286865234375,0.06805419921875,0.0608367919921875
1772639544408926700,0.2419267578125,-0.9886474609375,0.067657470703125,0.0574188232421875
1772639544418971000,0.251970947265625,-0.988128662109375,0.0669097900390625,0.0600128173828125
1772639544429015800,0.262015869140625,-0.9878692626953125,0.0666046142578125,0.0623626708984375
1772639544439060700,0.272060791015625,-0.990753173828125,0.0664825439453125,0.0636749267578125
1772639544449105700,0.282105712890625,-0.9919891357421875,0.0674591064453125,0.062042236328125
1772639544459150800,0.29215087890625,-0.9915771484375,0.0658111572265625,0.0601959228515625
1772639544469195800,0.30219580078125,-0.994232177734375,0.0662994384765625,0.061859130859375
1772639544479240700,0.31224072265625,-0.996063232421875,0.0685882568359375,0.0615997314453125
1772639544489285600,0.32228564453125,-0.9943389892578125,0.0692291259765625,0.060302734375
1772639544499330800,0.332330810546875,-0.993011474609375,0.0699310302734375,0.05889892578125
1772639544509375700,0.342375732421875,-0.9897308349609375,0.0720977783203125,0.05987548828125
1772639544519419600,0.352419677734375,-0.9847412109375,0.071014404296875,0.0625
1772639544529464800,0.36246484375,-0.9859771728515625,0.0717620849609375,0.06365966796875
1772639544539509800,0.372509765625,-0.9835205078125,0.07037353515625,0.0648040771484375
1772639544549555000,0.382554931640625,-0.9846038818359375,0.0690155029296875,0.0631103515625
1772639544559599900,0.392599853515625,-0.9895172119140625,0.06982421875,0.060272216796875
1772639544569644800,0.402644775390625,-0.986907958984375,0.07403564453125,0.0610504150390625
1772639544579689700,0.412689697265625,-0.9870147705078125,0.0756378173828125,0.0614166259765625
1772639544589735000,0.42273486328125,-0.987640380859375,0.076446533203125,0.059600830078125
1772639544599779800,0.43277978515625,-0.986724853515625,0.0767974853515625,0.0602264404296875
1772639544609824800,0.44282470703125,-0.9841461181640625,0.0765533447265625,0.0601806640625
1772639544619869700,0.45286962890625,-0.982635498046875,0.0756378173828125,0.0580596923828125
1772639544629915000,0.462914794921875,-0.9820404052734375,0.074371337890625,0.0554962158203125
1772639544639958800,0.472958740234375,-0.9816436767578125,0.074310302734375,0.05584716796875
1772639544650003700,0.483003662109375,-0.9845428466796875,0.0748748779296875,0.053802490234375
1772639544660048600,0.493048583984375,-0.98712158203125,0.073699951171875,0.0549774169921875
1772639544670093800,0.50309375,-0.9871673583984375,0.0743560791015625,0.0576324462890625
1772639544680138800,0.513138671875,-0.9880523681640625,0.073974609375,0.058319091796875
1772639544690184000,0.523183837890625,-0.988739013671875,0.073883056640625,0.0596160888671875
1772639544700228600,0.533228515625,-0.9878387451171875,0.072784423828125,0.0574493408203125
1772639544710273800,0.543273681640625,-0.9868011474609375,0.07275390625,0.0578155517578125
1772639544720318700,0.553318603515625,-0.9850311279296875,0.074554443359375,0.05767822265625
1772639544730364000,0.563364013671875,-0.9844207763671875,0.0742950439453125,0.0560302734375
1772639544740408600,0.57340869140625,-0.9871368408203125,0.076416015625,0.059295654296875
1772639544750452700,0.58345263671875,-0.98699951171875,0.0780792236328125,0.0598297119140625
1772639544760498000,0.593497802734375,-0.9847564697265625,0.0798492431640625,0.0631561279296875
1772639544770542800,0.60354296875,-0.98406982421875,0.07989501953125,0.0617218017578125
1772639544780587800,0.613587890625,-0.9839630126953125,0.0798797607421875,0.0579986572265625
1772639544790632700,0.6236328125,-0.9832611083984375,0.0814666748046875,0.0568695068359375
1772639544800678000,0.633677978515625,-0.9830322265625,0.0814056396484375,0.0590667724609375
1772639544810722800,0.643722900390625,-0.984588623046875,0.0829315185546875,0.060394287109375
1772639544820768000,0.65376806640625,-0.985687255859375,0.0828094482421875,0.0606536865234375
1772639544830812700,0.663812744140625,-0.9858245849609375,0.083251953125,0.0591888427734375
1772639544840857900,0.67385791015625,-0.983551025390625,0.0827484130859375,0.0579833984375
1772639544850902800,0.68390283203125,-0.98828125,0.081085205078125,0.0589141845703125
1772639544860947000,0.693947021484375,-0.991943359375,0.0806884765625,0.056304931640625
1772639544870991600,0.70399169921875,-0.99200439453125,0.081207275390625,0.0519561767578125
1772639544881036800,0.714036865234375,-0.9903717041015625,0.0807647705078125,0.0531463623046875
1772639544891081700,0.724081787109375,-0.992279052734375,0.0793609619140625,0.05718994140625
1772639544901127000,0.734126953125,-0.9922637939453125,0.07891845703125,0.057830810546875
1772639544911171600,0.744171630859375,-0.9920196533203125,0.078521728515625,0.0546417236328125
1772639544921216800,0.754216796875,-0.9898529052734375,0.0785064697265625,0.0554351806640625
1772639544931261700,0.76426171875,-0.9857177734375,0.076690673828125,0.0581817626953125
1772639544941307000,0.774306884765625,-0.98583984375,0.0766143798828125,0.05731201171875
1772639544951351800,0.784351806640625,-0.9887237548828125,0.07598876953125,0.057098388671875
1772639544961396700,0.794396728515625,-0.9905853271484375,0.0778656005859375,0.0592193603515625
1772639544971441000,0.80444091796875,-0.9912261962890625,0.0784912109375,0.0612030029296875
1772639544981485800,0.81448583984375,-0.9944610595703125,0.07806396484375,0.0609893798828125
1772639544991530800,0.82453076171875,-0.9952545166015625,0.0796966552734375,0.0602264404296875
1772639545001575700,0.83457568359375,-0.9930419921875,0.0817413330078125,0.058929443359375
1772639545011620900,0.844620849609375,-0.98797607421875,0.0807952880859375,0.0594329833984375
1772639545021665800,0.854665771484375,-0.9861297607421875,0.0810699462890625,0.0579681396484375
1772639545031711000,0.8647109375,-0.979034423828125,0.08209228515625,0.0615692138671875
1772639545041755600,0.874755615234375,-0.9772186279296875,0.0813751220703125,0.06170654296875
1772639545051800800,0.88480078125,-0.9779205322265625,0.079010009765625,0.0613861083984375
1772639545061845800,0.894845703125,-0.984161376953125,0.081451416015625,0.06256103515625
1772639545071891000,0.904890869140625,-0.987884521484375,0.079925537109375,0.0611419677734375
1772639545081934600,0.9149345703125,-0.991851806640625,0.0787353515625,0.064178466796875
1772639545091979800,0.924979736328125,-0.9927825927734375,0.08038330078125,0.0663299560546875
1772639545102025200,0.935025146484375,-0.989990234375,0.0799102783203125,0.06671142578125
1772639545112070100,0.945070068359375,-0.991668701171875,0.079864501953125,0.0624542236328125
1772639545122115000,0.955114990234375,-0.995574951171875,0.0801239013671875,0.0587615966796875
1772639545132160300,0.96516015625,-0.9940643310546875,0.07958984375,0.06011962890625
1772639545142205200,0.975205078125,-0.989349365234375,0.078521728515625,0.0615692138671875
1772639545152250400,0.98525048828125,-0.985443115234375,0.077667236328125,0.0621490478515625
1772639545162295000,0.995294921875,-0.9817352294921875,0.0774993896484375,0.0620880126953125
1772639545172340200,1.00534033203125,-0.9784698486328125,0.0752410888671875,0.0620574951171875
1772639545182385200,1.01538525390625,-0.975128173828125,0.0750579833984375,0.0602264404296875
1772639545192430300,1.025430419921875,-0.97491455078125,0.07550048828125,0.0594940185546875
1772639545202474200,1.03547412109375,-0.9779205322265625,0.0750274658203125,0.0587310791015625
1772639545212519200,1.045519287109375,-0.9796600341796875,0.0773162841796875,0.05755615234375
1772639545222564000,1.055564208984375,-0.9805450439453125,0.0772705078125,0.057403564453125
1772639545232609300,1.065609375,-0.982421875,0.079559326171875,0.0600433349609375
1772639545242654200,1.075654296875,-0.9859161376953125,0.079986572265625,0.0572967529296875
1772639545252699100,1.08569921875,-0.9885711669921875,0.081939697265625,0.056915283203125
1772639545262744000,1.095744140625,-0.988433837890625,0.0823974609375,0.0572357177734375
1772639545272789200,1.105789306640625,-0.9889373779296875,0.0821380615234375,0.0573883056640625
1772639545282834200,1.115834228515625,-0.99053955078125,0.082366943359375,0.057586669921875
1772639545292879000,1.125879150390625,-0.99041748046875,0.0809173583984375,0.057525634765625
1772639545302924000,1.135924072265625,-0.9901885986328125,0.0802154541015625,0.058319091796875
1772639545312968200,1.14596826171875,-0.9888458251953125,0.0792388916015625,0.0561676025390625
1772639545323013400,1.156013427734375,-0.9927825927734375,0.076995849609375,0.0543975830078125
1772639545333058000,1.16605810546875,-0.99444580078125,0.0762786865234375,0.053253173828125
1772639545343103200,1.176103271484375,-0.992340087890625,0.0761260986328125,0.0568389892578125
1772639545353148200,1.186148193359375,-0.9903411865234375,0.0767822265625,0.0587005615234375
1772639545363193300,1.196193359375,-0.9893646240234375,0.0756072998046875,0.0583953857421875
1772639545373238000,1.206238037109375,-0.99127197265625,0.0745391845703125,0.05853271484375
1772639545383283200,1.216283203125,-0.99114990234375,0.0752716064453125,0.0635223388671875
1772639545393328000,1.226328125,-0.9893951416015625,0.0751953125,0.064178466796875
1772639545403373300,1.236373291015625,-0.987945556640625,0.074920654296875,0.0620880126953125
1772639545413418200,1.246418212890625,-0.9856109619140625,0.0748443603515625,0.0596923828125
1772639545423462100,1.256462158203125,-0.9832000732421875,0.07525634765625,0.058074951171875
1772639545433507300,1.26650732421875,-0.97833251953125,0.0735626220703125,0.0617218017578125
1772639545443552300,1.27655224609375,-0.9761810302734375,0.07379150390625,0.06280517578125
1772639545453597200,1.28659716796875,-0.9768524169921875,0.0743865966796875,0.063018798828125
1772639545463642000,1.29664208984375,-0.9763946533203125,0.075164794921875,0.063385009765625
1772639545473687300,1.306687255859375,-0.97900390625,0.075531005859375,0.0625
1772639545483732200,1.316732177734375,-0.9803619384765625,0.076141357421875,0.06243896484375
1772639545493777200,1.326777099609375,-0.978363037109375,0.0764312744140625,0.0632171630859375
1772639545503822000,1.336822021484375,-0.9782867431640625,0.076873779296875,0.062469482421875
1772639545513867300,1.3468671875,-0.98138427734375,0.077789306640625,0.06134033203125
1772639545523912200,1.356912109375,-0.98455810546875,0.0792236328125,0.0616455078125
1772639545533956400,1.366956298828125,-0.9837188720703125,0.08056640625,0.0585479736328125
1772639545544001000,1.3770009765625,-0.9839630126953125,0.0821075439453125,0.0577850341796875
1772639545554046200,1.387046142578125,-0.98333740234375,0.080230712890625,0.0584869384765625
1772639545564091100,1.397091064453125,-0.9833984375,0.078857421875,0.060028076171875
1772639545574136300,1.40713623046875,-0.98272705078125,0.0794525146484375,0.06048583984375
1772639545584181200,1.41718115234375,-0.9818572998046875,0.0779571533203125,0.0614471435546875
1772639545594226200,1.42722607421875,-0.9788055419921875,0.0762939453125,0.0628204345703125
1772639545604271000,1.43727099609375,-0.9791259765625,0.074951171875,0.061981201171875
1772639545614316300,1.44731640625,-0.9821624755859375,0.075347900390625,0.060089111328125
1772639545624361200,1.457361328125,-0.986663818359375,0.0749969482421875,0.05926513671875
1772639545634406100,1.46740625,-0.9914093017578125,0.07611083984375,0.0583953857421875
1772639545644450300,1.4774501953125,-0.99395751953125,0.0775299072265625,0.0608673095703125
1772639545654495200,1.4874951171875,-0.99468994140625,0.0765228271484375,0.062530517578125
1772639545664540400,1.49754052734375,-0.99517822265625,0.0764007568359375,0.063385009765625
1772639545674585000,1.507585205078125,-0.9930572509765625,0.0767822265625,0.0633544921875
1772639545684630300,1.51763037109375,-0.995269775390625,0.074798583984375,0.061737060546875
1772639545694675200,1.52767529296875,-0.995208740234375,0.0721435546875,0.0584716796875
1772639545704720400,1.537720458984375,-0.9933929443359375,0.0728912353515625,0.0586395263671875
1772639545714765300,1.547765380859375,-0.9925994873046875,0.0720977783203125,0.057281494140625
1772639545724810200,1.557810302734375,-0.996185302734375,0.0731964111328125,0.057037353515625
1772639545734855200,1.567855224609375,-0.9952239990234375,0.075042724609375,0.0575408935546875
1772639545744900400,1.577900390625,-0.9943695068359375,0.073944091796875,0.0568389892578125
1772639545754944000,1.587944091796875,-0.9932098388671875,0.074127197265625,0.0593719482421875
1772639545764989200,1.5979892578125,-0.991790771484375,0.0742034912109375,0.056610107421875
1772639545775034000,1.6080341796875,-0.9889373779296875,0.0757598876953125,0.0552215576171875
1772639545785079300,1.618079345703125,-0.9837799072265625,0.0756683349609375,0.0555572509765625
1772639545795124200,1.628124267578125,-0.977142333984375,0.0756378173828125,0.0574493408203125
1772639545805169200,1.638169189453125,-0.9726409912109375,0.0756988525390625,0.0594024658203125
1772639545815214000,1.648214111328125,-0.970672607421875,0.0758209228515625,0.0584564208984375
1772639545825259300,1.65825927734375,-0.9714813232421875,0.0774078369140625,0.0577239990234375
1772639545835304200,1.66830419921875,-0.9726409912109375,0.0780792236328125,0.0571746826171875
1772639545845349000,1.67834912109375,-0.9760589599609375,0.077728271484375,0.0592803955078125
1772639545855394000,1.68839404296875,-0.9821014404296875,0.0794219970703125,0.0595550537109375
1772639545865439200,1.698439208984375,-0.9875946044921875,0.080169677734375,0.0607757568359375
1772639545875483400,1.7084833984375,-0.9912567138671875,0.0800628662109375,0.061981201171875
1772639545885528000,1.718528076171875,-0.9910430908203125,0.0782623291015625,0.06378173828125
1772639545895573200,1.7285732421875,-0.989013671875,0.0782318115234375,0.0637969970703125
1772639545905618200,1.7386181640625,-0.9894866943359375,0.074737548828125,0.0596771240234375
1772639545915663400,1.748663330078125,-0.9888458251953125,0.074127197265625,0.057464599609375
1772639545925708300,1.758708251953125,-0.9853973388671875,0.07550048828125,0.060302734375
1772639545935753200,1.768753173828125,-0.982666015625,0.0738677978515625,0.0623931884765625
1772639545945798100,1.778798095703125,-0.9861297607421875,0.07159423828125,0.0618133544921875
1772639545955843300,1.78884326171875,-0.9938201904296875,0.07257080078125,0.0575408935546875
1772639545965888300,1.79888818359375,-0.9954376220703125,0.0718994140625,0.053619384765625
1772639545975933200,1.80893310546875,-0.993408203125,0.0725250244140625,0.0511474609375
1772639545985977000,1.81897705078125,-0.99169921875,0.072418212890625,0.0539398193359375
1772639545996022300,1.829022216796875,-0.9900970458984375,0.07427978515625,0.0575408935546875
1772639546006067200,1.839067138671875,-0.9871978759765625,0.0750885009765625,0.0610809326171875
1772639546016112000,1.849112060546875,-0.982818603515625,0.0739593505859375,0.0595855712890625
1772639546026157000,1.859156982421875,-0.974853515625,0.07110595703125,0.055450439453125
1772639546036202200,1.8692021484375,-0.9779205322265625,0.0718841552734375,0.0565338134765625
1772639546046247200,1.8792470703125,-0.9801177978515625,0.0739898681640625,0.0586700439453125
1772639546056292400,1.889292236328125,-0.9825286865234375,0.073822021484375,0.0605926513671875
1772639546066337000,1.8993369140625,-0.984466552734375,0.07403564453125,0.063079833984375
1772639546076382200,1.90938232421875,-0.987396240234375,0.0754547119140625,0.0640106201171875
1772639546086427100,1.91942724609375,-0.9897613525390625,0.07525634765625,0.0641632080078125
1772639546096471300,1.92947119140625,-0.9886932373046875,0.07525634765625,0.0625152587890625
1772639546106515000,1.939514892578125,-0.9861907958984375,0.075531005859375,0.0604095458984375
1772639546116560000,1.949559814453125,-0.9853363037109375,0.0729217529296875,0.05877685546875
1772639546126605000,1.95960498046875,-0.9839324951171875,0.074371337890625,0.0577850341796875
1772639546136650000,1.96964990234375,-0.9813079833984375,0.0728302001953125,0.0578460693359375
1772639546146695200,1.979695068359375,-0.9802703857421875,0.073333740234375,0.058013916015625
1772639546156739800,1.98973974609375,-0.981781005859375,0.0731201171875,0.0605010986328125
1772639546166785000,1.999784912109375,-0.980987548828125,0.0745391845703125,0.0617523193359375
1772639546176830000,2.009829833984375,-0.9807586669921875,0.0752410888671875,0.062042236328125
1772639546186875100,2.019875244140625,-0.9832611083984375,0.07623291015625,0.05841064453125
1772639546196919800,2.029919921875,-0.9824371337890625,0.07623291015625,0.057342529296875
1772639546206964000,2.0399638671875,-0.982666015625,0.0768280029296875,0.05694580078125
1772639546217009200,2.050009033203125,-0.985870361328125,0.0782623291015625,0.0565185546875
1772639546227054000,2.06005419921875,-0.9840850830078125,0.0765228271484375,0.0561676025390625
1772639546237099000,2.07009912109375,-0.986602783203125,0.0723419189453125,0.062164306640625
1772639546247144000,2.08014404296875,-0.99078369140625,0.0763702392578125,0.055816650390625
1772639546257189000,2.090189208984375,-0.9894561767578125,0.07537841796875,0.0515899658203125
1772639546267234000,2.100234130859375,-0.9912109375,0.0755615234375,0.0613861083984375
1772639546277279200,2.110279296875,-0.9853668212890625,0.0748138427734375,0.05926513671875
1772639546287324000,2.120323974609375,-0.98297119140625,0.0730133056640625,0.0566864013671875
1772639546297369000,2.130369140625,-0.9833984375,0.0720672607421875,0.05792236328125
1772639546307414000,2.1404140625,-0.9832000732421875,0.0694732666015625,0.056884765625
1772639546317459200,2.150459228515625,-0.9857177734375,0.069122314453125,0.0561981201171875
1772639546327502800,2.1605029296875,-0.9877166748046875,0.0704803466796875,0.0540008544921875
1772639546337548000,2.170548095703125,-0.9910888671875,0.0689849853515625,0.0546722412109375
1772639546347593000,2.180593017578125,-0.9959716796875,0.071868896484375,0.056884765625
1772639546357638100,2.19063818359375,-1.0000152587890625,0.072296142578125,0.0581817626953125
1772639546367682800,2.200682861328125,-1.002197265625,0.073394775390625,0.06011962890625
1772639546377728000,2.21072802734375,-1.0022735595703125,0.074676513671875,0.06146240234375
1772639546387773000,2.22077294921875,-0.99945068359375,0.0760498046875,0.0615081787109375
1772639546397818000,2.230818115234375,-0.9901123046875,0.0744171142578125,0.05950927734375
1772639546407863000,2.240863037109375,-0.9802093505859375,0.072509765625,0.0575408935546875
1772639546417908000,2.250907958984375,-0.9756622314453125,0.0711517333984375,0.0582122802734375
1772639546427953000,2.260952880859375,-0.97760009765625,0.0718231201171875,0.0565338134765625
1772639546437997000,2.2709970703125,-0.98077392578125,0.0716705322265625,0.057891845703125
1772639546448042000,2.2810419921875,-0.988739013671875,0.0721435546875,0.060302734375
1772639546458087000,2.2910869140625,-0.994720458984375,0.0731658935546875,0.0616607666015625
1772639546468132000,2.301132080078125,-0.9949188232421875,0.0749053955078125,0.0646820068359375
1772639546478177000,2.311177001953125,-0.994903564453125,0.0738983154296875,0.0638580322265625
1772639546488222200,2.32122216796875,-0.99200439453125,0.0736846923828125,0.0631103515625
1772639546498267000,2.331266845703125,-0.985809326171875,0.0730743408203125,0.061431884765625
1772639546508312000,2.34131201171875,-0.98431396484375,0.069915771484375,0.0594940185546875
1772639546518357000,2.35135693359375,-0.985107421875,0.07012939453125,0.0587158203125
1772639546528402200,2.361402099609375,-0.98931884765625,0.07098388671875,0.05889892578125
1772639546538447000,2.371447021484375,-0.991058349609375,0.0711212158203125,0.05767822265625
1772639546548491000,2.381490966796875,-0.993621826171875,0.073699951171875,0.059417724609375
1772639546558536000,2.391535888671875,-0.9936676025390625,0.0731048583984375,0.0591278076171875
1772639546568581000,2.4015810546875,-0.9922027587890625,0.073822021484375,0.057464599609375
1772639546578625800,2.411625732421875,-0.988189697265625,0.0745086669921875,0.05413818359375
1772639546588671000,2.4216708984375,-0.9816741943359375,0.0735015869140625,0.050506591796875
1772639546598716000,2.4317158203125,-0.976806640625,0.071197509765625,0.0486602783203125
1772639546608761000,2.441760986328125,-0.9740142822265625,0.0693511962890625,0.0495147705078125
1772639546618806000,2.451805908203125,-0.9750518798828125,0.0679779052734375,0.049163818359375
1772639546628851000,2.461850830078125,-0.9813232421875,0.066436767578125,0.05169677734375
1772639546638895900,2.471895751953125,-0.9873809814453125,0.0679168701171875,0.0569305419921875
1772639546648941000,2.481941162109375,-0.9905853271484375,0.0675811767578125,0.059173583984375
1772639546658986000,2.491986083984375,-0.9935760498046875,0.066741943359375,0.0592193603515625
1772639546669030000,2.50202978515625,-0.996612548828125,0.0676727294921875,0.059112548828125
1772639546679075000,2.512074951171875,-0.996734619140625,0.0680389404296875,0.0580596923828125
1772639546689120000,2.5221201171875,-0.9927215576171875,0.0674591064453125,0.0570831298828125
1772639546699165200,2.532165283203125,-0.9856414794921875,0.0662994384765625,0.0594329833984375
1772639546709209900,2.5422099609375,-0.9798126220703125,0.066802978515625,0.0599212646484375
1772639546719255000,2.552255126953125,-0.9775543212890625,0.06640625,0.0602569580078125
1772639546729300000,2.562300048828125,-0.978485107421875,0.0667572021484375,0.0616607666015625
1772639546739345200,2.57234521484375,-0.9816131591796875,0.0691070556640625,0.0622406005859375
1772639546749390000,2.58239013671875,-0.9856719970703125,0.0697784423828125,0.062652587890625
1772639546759435000,2.59243505859375,-0.9885711669921875,0.071441650390625,0.0630340576171875
1772639546769480000,2.60247998046875,-0.99322509765625,0.0713958740234375,0.0677337646484375
1772639546779525000,2.612525146484375,-0.9894256591796875,0.072174072265625,0.0681610107421875
1772639546789569000,2.622569091796875,-0.9870452880859375,0.0706329345703125,0.0670623779296875
1772639546799614000,2.632614013671875,-0.9841766357421875,0.069976806640625,0.064056396484375
1772639546809659000,2.642658935546875,-0.980255126953125,0.06964111328125,0.0610809326171875
1772639546819704000,2.6527041015625,-0.97698974609375,0.0669097900390625,0.0575408935546875
1772639546829749000,2.6627490234375,-0.976226806640625,0.066680908203125,0.05657958984375
1772639546839794000,2.6727939453125,-0.9817047119140625,0.0680389404296875,0.05682373046875
1772639546849838800,2.6828388671875,-0.98724365234375,0.06842041015625,0.0595245361328125
1772639546859884000,2.692884033203125,-0.9875030517578125,0.0699615478515625,0.0607147216796875
1772639546869929000,2.702928955078125,-0.990447998046875,0.0713043212890625,0.061492919921875
1772639546879974100,2.71297412109375,-0.994415283203125,0.0706939697265625,0.0616302490234375
1772639546890018800,2.723018798828125,-0.9906463623046875,0.0699615478515625,0.0582427978515625
1772639546900063000,2.73306298828125,-0.982879638671875,0.06732177734375,0.05743408203125
1772639546910108200,2.743108154296875,-0.97637939453125,0.0647735595703125,0.0616455078125
1772639546920153000,2.753153076171875,-0.9787139892578125,0.0640411376953125,0.0627593994140625
1772639546930198000,2.763197998046875,-0.9795989990234375,0.063568115234375,0.062225341796875
1772639546940243000,2.773242919921875,-0.982666015625,0.0652313232421875,0.06146240234375
1772639546950288100,2.7832880859375,-0.9860687255859375,0.06488037109375,0.0637359619140625
1772639546960333000,2.7933330078125,-0.992889404296875,0.066680908203125,0.06396484375
1772639546970378000,2.8033779296875,-0.9966888427734375,0.0695648193359375,0.0664520263671875
1772639546980423000,2.8134228515625,-0.9986419677734375,0.0694580078125,0.06793212890625
1772639546990468000,2.823468017578125,-0.9976654052734375,0.068817138671875,0.06805419921875
1772639547000513000,2.833512939453125,-0.9962310791015625,0.06683349609375,0.066802978515625
1772639547010558200,2.84355810546875,-0.9924468994140625,0.0642547607421875,0.067535400390625
1772639547020602000,2.85360205078125,-0.98944091796875,0.0647430419921875,0.06719970703125
1772639547030647000,2.86364697265625,-0.9900970458984375,0.0643157958984375,0.0678558349609375
1772639547040692000,2.87369189453125,-0.98834228515625,0.0647430419921875,0.0701904296875
1772639547050737200,2.883737060546875,-0.986785888671875,0.066925048828125,0.072418212890625
1772639547060782000,2.893781982421875,-0.98394775390625,0.0662689208984375,0.0706939697265625
1772639547070827000,2.903826904296875,-0.9799041748046875,0.0660552978515625,0.06976318359375
1772639547080872000,2.913871826171875,-0.97320556640625,0.067474365234375,0.0680694580078125
1772639547090917000,2.923917236328125,-0.971343994140625,0.0676727294921875,0.06378173828125
1772639547100962000,2.933962158203125,-0.970733642578125,0.0675048828125,0.0591583251953125
1772639547111007200,2.94400732421875,-0.970550537109375,0.069671630859375,0.0588836669921875
1772639547121052200,2.95405224609375,-0.9700927734375,0.071136474609375,0.0598907470703125
1772639547131096300,2.964096435546875,-0.9737396240234375,0.0707244873046875,0.0606689453125
1772639547141141200,2.974141357421875,-0.9789581298828125,0.071502685546875,0.0612335205078125
1772639547151186200,2.984186279296875,-0.9842987060546875,0.0708770751953125,0.0607147216796875
1772639547161231400,2.9942314453125,-0.9922637939453125,0.07012939453125,0.05865478515625
1772639547171276300,3.0042763671875,-0.9959564208984375,0.06939697265625,0.062255859375
1772639547181321500,3.014321533203125,-0.9886322021484375,0.065887451171875,0.0642852783203125
1772639547191366100,3.0243662109375,-0.989776611328125,0.0614166259765625,0.06597900390625
1772639547201411300,3.034411376953125,-0.9916839599609375,0.0605926513671875,0.0661468505859375
1772639547211456300,3.044456298828125,-0.98876953125,0.059173583984375,0.06231689453125
1772639547221501400,3.05450146484375,-0.9898223876953125,0.05810546875,0.06170654296875
1772639547231546000,3.064546142578125,-0.989013671875,0.0595703125,0.06036376953125
1772639547241591300,3.07459130859375,-0.9932098388671875,0.0626678466796875,0.0596466064453125
1772639547251635200,3.08463525390625,-0.995330810546875,0.063934326171875,0.057159423828125
1772639547261680400,3.094680419921875,-0.9994354248046875,0.0635223388671875,0.0554656982421875
1772639547271725000,3.10472509765625,-1.00311279296875,0.0643463134765625,0.05450439453125
1772639547281770200,3.114770263671875,-1.001495361328125,0.068023681640625,0.0537261962890625
1772639547291815200,3.124815185546875,-1.0006256103515625,0.068878173828125,0.05169677734375
1772639547301860400,3.1348603515625,-0.99981689453125,0.0685577392578125,0.0489654541015625
1772639547311905300,3.1449052734375,-0.9920654296875,0.068023681640625,0.0475006103515625
1772639547321950200,3.1549501953125,-0.9835205078125,0.0697479248046875,0.049041748046875
1772639547331995100,3.1649951171875,-0.9780120849609375,0.0695343017578125,0.050079345703125
1772639547342040300,3.175040283203125,-0.9773712158203125,0.0699310302734375,0.0521392822265625
1772639547352085200,3.185085205078125,-0.9765777587890625,0.06988525390625,0.0528106689453125
1772639547362130200,3.195130126953125,-0.9773712158203125,0.0705413818359375,0.0540008544921875
1772639547372174300,3.20517431640625,-0.9789581298828125,0.0702056884765625,0.053253173828125
1772639547382219300,3.21521923828125,-0.9800872802734375,0.06939697265625,0.0567474365234375
1772639547392264400,3.225264404296875,-0.9795989990234375,0.0689544677734375,0.0594482421875
1772639547402309000,3.23530908203125,-0.97900390625,0.066864013671875,0.0595550537109375
1772639547412354300,3.245354248046875,-0.9805908203125,0.0655059814453125,0.0591583251953125
1772639547422399200,3.255399169921875,-0.9828033447265625,0.0655975341796875,0.0601043701171875
1772639547432444400,3.2654443359375,-0.9834747314453125,0.0661773681640625,0.0608367919921875
1772639547442489300,3.2754892578125,-0.984466552734375,0.066162109375,0.059326171875
1772639547452534300,3.2855341796875,-0.988861083984375,0.068115234375,0.060272216796875
1772639547462579200,3.2955791015625,-0.9901275634765625,0.0687103271484375,0.0618133544921875
1772639547472624400,3.305624267578125,-0.98828125,0.069793701171875,0.06378173828125
1772639547482668300,3.315668212890625,-0.9891204833984375,0.06744384765625,0.06439208984375
1772639547492713200,3.325713134765625,-0.988555908203125,0.0661468505859375,0.06292724609375
1772639547502758100,3.335758056640625,-0.987945556640625,0.0685577392578125,0.0652008056640625
1772639547512803300,3.34580322265625,-0.98846435546875,0.0677032470703125,0.0661163330078125
1772639547522848300,3.35584814453125,-0.988372802734375,0.067474365234375,0.065826416015625
1772639547532893200,3.36589306640625,-0.987701416015625,0.067138671875,0.063262939453125
1772639547542938000,3.375938232421875,-0.991912841796875,0.0675048828125,0.061309814453125
1772639547552983300,3.3859833984375,-0.994049072265625,0.067962646484375,0.05792236328125
1772639547563028200,3.3960283203125,-0.9940185546875,0.067230224609375,0.0564422607421875
1772639547573073400,3.406073486328125,-0.9900970458984375,0.0662841796875,0.0539398193359375
1772639547583118000,3.4161181640625,-0.99041748046875,0.06488037109375,0.054046630859375
1772639547593163300,3.426163330078125,-0.9910888671875,0.0645599365234375,0.054901123046875
1772639547603207400,3.43620751953125,-0.9876861572265625,0.0630340576171875,0.0526885986328125
1772639547613252000,3.446252197265625,-0.9853668212890625,0.0603485107421875,0.05340576171875
1772639547623297300,3.45629736328125,-0.9837799072265625,0.0599365234375,0.0517120361328125
1772639547633342200,3.46634228515625,-0.9839019775390625,0.0612030029296875,0.0529937744140625
1772639547643387400,3.476387451171875,-0.985595703125,0.060150146484375,0.0539703369140625
1772639547653432300,3.486432373046875,-0.9870452880859375,0.061767578125,0.0547027587890625
1772639547663477200,3.496477294921875,-0.9876861572265625,0.0628204345703125,0.057464599609375
1772639547673522200,3.506522216796875,-0.9898681640625,0.0630645751953125,0.059906005859375
1772639547683567400,3.5165673828125,-0.98980712890625,0.0651702880859375,0.061309814453125
1772639547693612300,3.5266123046875,-0.9872283935546875,0.0655059814453125,0.062652587890625
1772639547703657500,3.536657470703125,-0.98345947265625,0.065887451171875,0.0635528564453125
1772639547713702100,3.5467021484375,-0.981689453125,0.0665283203125,0.060272216796875
1772639547723746300,3.556746337890625,-0.980438232421875,0.0675048828125,0.0604705810546875
1772639547733791200,3.566791259765625,-0.9782562255859375,0.0672454833984375,0.05950927734375
1772639547743836200,3.576836181640625,-0.9783782958984375,0.0670013427734375,0.059051513671875
1772639547753881300,3.58688134765625,-0.979766845703125,0.0676422119140625,0.06121826171875
1772639547763926300,3.59692626953125,-0.9784393310546875,0.0661163330078125,0.061492919921875
1772639547773971200,3.60697119140625,-0.9827423095703125,0.067657470703125,0.0625
1772639547784016400,3.617016357421875,-0.9834747314453125,0.067352294921875,0.0618896484375
1772639547794061000,3.62706103515625,-0.9832916259765625,0.0661773681640625,0.0594329833984375
1772639547804106200,3.637106201171875,-0.98370361328125,0.0638580322265625,0.0591888427734375
1772639547814151200,3.647151123046875,-0.98651123046875,0.0637969970703125,0.05841064453125
1772639547824196400,3.6571962890625,-0.9924468994140625,0.0632781982421875,0.0575408935546875
1772639547834240300,3.667240234375,-0.997802734375,0.0641326904296875,0.0587921142578125
1772639547844285200,3.67728515625,-1.00201416015625,0.064849853515625,0.058380126953125
1772639547854330400,3.687330322265625,-1.000213623046875,0.0643310546875,0.05902099609375
1772639547864375300,3.697375244140625,-0.9951629638671875,0.0622100830078125,0.058380126953125
1772639547874420200,3.707420166015625,-0.9893646240234375,0.0625457763671875,0.059173583984375
1772639547884465200,3.717465087890625,-0.9856719970703125,0.06109619140625,0.0575103759765625
1772639547894510300,3.72751025390625,-0.9845428466796875,0.0596771240234375,0.054046630859375
1772639547904555300,3.73755517578125,-0.98114013671875,0.0596923828125,0.0562744140625
1772639547914600400,3.747600341796875,-0.9801025390625,0.0603790283203125,0.0570220947265625
1772639547924645000,3.75764501953125,-0.9842529296875,0.0619049072265625,0.0554656982421875
1772639547934690300,3.767690185546875,-0.9863433837890625,0.0630340576171875,0.0562591552734375
1772639547944735200,3.7777353515625,-0.98626708984375,0.0639495849609375,0.0600128173828125
1772639547954779400,3.787779296875,-0.9871826171875,0.0655364990234375,0.061798095703125
1772639547964824300,3.79782421875,-0.9877777099609375,0.0656585693359375,0.0615081787109375
1772639547974869200,3.807869140625,-0.989410400390625,0.0645599365234375,0.0612335205078125
1772639547984914200,3.8179140625,-0.988677978515625,0.0652008056640625,0.0597686767578125
1772639547994959400,3.82795947265625,-0.9909820556640625,0.0662384033203125,0.060028076171875
1772639548005004300,3.83800439453125,-0.99200439453125,0.066192626953125,0.061492919921875
1772639548015049200,3.84804931640625,-0.9932098388671875,0.065887451171875,0.06170654296875
1772639548025094100,3.85809423828125,-0.992706298828125,0.0642547607421875,0.061248779296875
1772639548035139300,3.868139404296875,-0.9897003173828125,0.063995361328125,0.0585174560546875
1772639548045184300,3.878184326171875,-0.988433837890625,0.0637969970703125,0.0540313720703125
1772639548055229200,3.888229248046875,-0.9827423095703125,0.0640869140625,0.0536346435546875
1772639548065274000,3.898274169921875,-0.9805145263671875,0.0622100830078125,0.0525665283203125
1772639548075318300,3.908318359375,-0.978057861328125,0.062713623046875,0.05133056640625
1772639548085363500,3.918363525390625,-0.9746856689453125,0.0620574951171875,0.053131103515625
1772639548095408000,3.928408203125,-0.974273681640625,0.0615997314453125,0.0543670654296875
1772639548105453600,3.93845361328125,-0.9773406982421875,0.0613555908203125,0.0529327392578125
1772639548115498200,3.948498291015625,-0.9828948974609375,0.0615081787109375,0.0510101318359375
1772639548125543400,3.95854345703125,-0.9843902587890625,0.0642547607421875,0.0513763427734375
1772639548135588400,3.96858837890625,-0.98828125,0.0657196044921875,0.0499725341796875
1772639548145633500,3.978633544921875,-0.9953155517578125,0.0662078857421875,0.0485076904296875
1772639548155678500,3.988678466796875,-0.9987945556640625,0.0665740966796875,0.048431396484375
1772639548165723400,3.998723388671875,-0.9996185302734375,0.068389892578125,0.0494232177734375
1772639548175768300,4.008768310546875,-1.000579833984375,0.0680084228515625,0.0496826171875
1772639548185812500,4.0188125,-0.998565673828125,0.0677947998046875,0.0521240234375
1772639548195857400,4.028857421875,-0.995513916015625,0.0659637451171875,0.0559539794921875
1772639548205902300,4.03890234375,-0.9917449951171875,0.063812255859375,0.0554656982421875
1772639548215947300,4.048947265625,-0.986968994140625,0.0629730224609375,0.0538482666015625
1772639548225992400,4.058992431640625,-0.9821929931640625,0.060546875,0.0552978515625
1772639548236037400,4.069037353515625,-0.9803924560546875,0.057586669921875,0.056671142578125
1772639548246082300,4.079082275390625,-0.980255126953125,0.0582122802734375,0.0568389892578125
1772639548256127200,4.089127197265625,-0.9813079833984375,0.0583953857421875,0.056610107421875
1772639548266172400,4.09917236328125,-0.9849090576171875,0.0595550537109375,0.0570526123046875
1772639548276217300,4.10921728515625,-0.989288330078125,0.0611572265625,0.0563201904296875
1772639548286262500,4.119262451171875,-0.99017333984375,0.062164306640625,0.0562896728515625
1772639548296307200,4.12930712890625,-0.98809814453125,0.06011962890625,0.0574951171875
1772639548306351400,4.139351318359375,-0.98443603515625,0.0601806640625,0.0587005615234375
1772639548316396500,4.149396484375,-0.9804840087890625,0.061187744140625,0.0604400634765625
1772639548326441200,4.159441162109375,-0.977630615234375,0.0630645751953125,0.061431884765625
1772639548336486400,4.169486328125,-0.982330322265625,0.06243896484375,0.0577239990234375
1772639548346531300,4.17953125,-0.9825592041015625,0.063720703125,0.0551605224609375
1772639548356576500,4.189576416015625,-0.980865478515625,0.06317138671875,0.0569305419921875
1772639548366621400,4.199621337890625,-0.9776458740234375,0.0638275146484375,0.058868408203125
1772639548376666400,4.209666259765625,-0.9788665771484375,0.0643157958984375,0.0603790283203125
1772639548386711300,4.219711181640625,-0.9803619384765625,0.065521240234375,0.0588836669921875
1772639548396756500,4.229756591796875,-0.979949951171875,0.0659942626953125,0.0590362548828125
1772639548406801400,4.239801513671875,-0.985260009765625,0.0653533935546875,0.0549163818359375
1772639548416846600,4.2498466796875,-0.9889068603515625,0.0658111572265625,0.053131103515625
1772639548426890500,4.259890380859375,-0.9934539794921875,0.067047119140625,0.0507354736328125
1772639548436935400,4.269935302734375,-0.9959869384765625,0.0676422119140625,0.052642822265625
1772639548446980400,4.27998046875,-0.9932708740234375,0.0668792724609375,0.053466796875
1772639548457025300,4.290025390625,-0.991729736328125,0.0653839111328125,0.0557708740234375
1772639548467070500,4.300070556640625,-0.99151611328125,0.06298828125,0.0559234619140625
1772639548477115400,4.310115478515625,-0.9903106689453125,0.063140869140625,0.0554046630859375
1772639548487160300,4.320160400390625,-0.988525390625,0.0609283447265625,0.0567779541015625
1772639548497205500,4.33020556640625,-0.9872283935546875,0.0582733154296875,0.0576324462890625
1772639548507250400,4.34025048828125,-0.9865570068359375,0.05908203125,0.0585479736328125
1772639548517295400,4.35029541015625,-0.98992919921875,0.061004638671875,0.0562591552734375
1772639548527340300,4.36034033203125,-0.9935455322265625,0.0599822998046875,0.05517578125
1772639548537385500,4.370385498046875,-0.9945220947265625,0.06011962890625,0.0549468994140625
1772639548547429400,4.380429443359375,-0.992950439453125,0.0615997314453125,0.0554656982421875
1772639548557474300,4.390474365234375,-0.990997314453125,0.062469482421875,0.0568084716796875
1772639548567519500,4.40051953125,-0.98736572265625,0.06439208984375,0.05804443359375
1772639548577564400,4.410564453125,-0.9850616455078125,0.06353759765625,0.0571746826171875
1772639548587609300,4.420609375,-0.982086181640625,0.061614990234375,0.0552520751953125
1772639548597654300,4.430654296875,-0.9798126220703125,0.0615692138671875,0.0549468994140625
1772639548607699500,4.440699462890625,-0.978515625,0.0618133544921875,0.0551300048828125
1772639548617744400,4.450744384765625,-0.9799041748046875,0.0623016357421875,0.0541839599609375
1772639548627789600,4.46078955078125,-0.9825439453125,0.063262939453125,0.0508270263671875
1772639548637834200,4.470834228515625,-0.9839935302734375,0.0632476806640625,0.05224609375
1772639548647879400,4.48087939453125,-0.984039306640625,0.0646514892578125,0.0514678955078125
1772639548657924400,4.49092431640625,-0.988983154296875,0.0637054443359375,0.0517120361328125
1772639548667968500,4.500968505859375,-0.9951019287109375,0.0650634765625,0.0486602783203125
1772639548678013400,4.511013427734375,-0.999237060546875,0.064788818359375,0.0453338623046875
1772639548688058400,4.521058349609375,-0.9988250732421875,0.063140869140625,0.045257568359375
1772639548698103600,4.531103515625,-0.998077392578125,0.062713623046875,0.0444793701171875
1772639548708148500,4.5411484375,-0.9960784912109375,0.0625,0.043853759765625
1772639548718193400,4.551193359375,-0.9917755126953125,0.0605926513671875,0.0437469482421875
1772639548728238300,4.56123828125,-0.9886322021484375,0.0583648681640625,0.0446014404296875
1772639548738283500,4.571283447265625,-0.9871978759765625,0.0581512451171875,0.045379638671875
1772639548748328400,4.581328369140625,-0.9871826171875,0.0596771240234375,0.046844482421875
1772639548758373400,4.591373291015625,-0.985595703125,0.0610809326171875,0.0475921630859375
1772639548768418300,4.601418212890625,-0.98248291015625,0.0608062744140625,0.04852294921875
1772639548778462500,4.61146240234375,-0.9825897216796875,0.0607757568359375,0.0480499267578125
1772639548788507400,4.62150732421875,-0.9795684814453125,0.061676025390625,0.0504608154296875
1772639548798552600,4.631552490234375,-0.98052978515625,0.06219482421875,0.0524749755859375
1772639548808597200,4.64159716796875,-0.9824371337890625,0.061553955078125,0.0525665283203125
1772639548818642400,4.651642333984375,-0.9853515625,0.06402587890625,0.05462646484375
1772639548828687400,4.661687255859375,-0.986419677734375,0.0665283203125,0.053741455078125
1772639548838732500,4.671732666015625,-0.987548828125,0.06494140625,0.0535888671875
1772639548848777200,4.681777099609375,-0.98797607421875,0.0657806396484375,0.0547027587890625
1772639548858822400,4.691822509765625,-0.9853515625,0.06488037109375,0.0540924072265625
1772639548868867300,4.701867431640625,-0.98541259765625,0.0630950927734375,0.0538330078125
1772639548878912500,4.71191259765625,-0.9852142333984375,0.0612640380859375,0.0522918701171875
1772639548888957400,4.72195751953125,-0.9848785400390625,0.060821533203125,0.05426025390625
1772639548899001300,4.73200146484375,-0.9866790771484375,0.060791015625,0.054107666015625
1772639548909046500,4.742046630859375,-0.9856719970703125,0.0618896484375,0.0537109375
1772639548919091500,4.752091552734375,-0.986663818359375,0.0615386962890625,0.0548248291015625
1772639548929136600,4.76213671875,-0.986663818359375,0.0617523193359375,0.0555267333984375
1772639548939181300,4.772181396484375,-0.9864654541015625,0.061920166015625,0.053802490234375
1772639548949226500,4.7822265625,-0.9877471923828125,0.0617828369140625,0.0546875
1772639548959271400,4.792271484375,-0.9886932373046875,0.063018798828125,0.057525634765625
1772639548969316600,4.802316650390625,-0.991607666015625,0.063720703125,0.0581817626953125
1772639548979361300,4.812361328125,-0.9935150146484375,0.0626983642578125,0.05908203125
1772639548989406500,4.822406494140625,-0.9961090087890625,0.063873291015625,0.0602874755859375
1772639548999451400,4.832451416015625,-0.99530029296875,0.06463623046875,0.060089111328125
1772639549009496600,4.84249658203125,-0.9947967529296875,0.06414794921875,0.0592803955078125
1772639549019540200,4.852540283203125,-0.9925537109375,0.0616607666015625,0.0583648681640625
1772639549029585400,4.86258544921875,-0.9898681640625,0.0607147216796875,0.052337646484375
1772639549039630300,4.87263037109375,-0.985992431640625,0.0590362548828125,0.049468994140625
1772639549049675500,4.882675537109375,-0.98321533203125,0.05841064453125,0.0479736328125
1772639549059720400,4.892720458984375,-0.982391357421875,0.0565032958984375,0.04681396484375
1772639549069765400,4.902765380859375,-0.983367919921875,0.0559844970703125,0.050018310546875
1772639549079810300,4.912810302734375,-0.9818878173828125,0.0566558837890625,0.050750732421875
1772639549089855500,4.92285546875,-0.9835968017578125,0.056732177734375,0.0523529052734375
1772639549099900400,4.932900390625,-0.98529052734375,0.0573577880859375,0.05560302734375
1772639549109945300,4.9429453125,-0.9857330322265625,0.058929443359375,0.0554656982421875
1772639549119990300,4.952990234375,-0.9886627197265625,0.060546875,0.055908203125
1772639549130034400,4.963034423828125,-0.9886627197265625,0.0598297119140625,0.054931640625
1772639549140079600,4.97307958984375,-0.9905853271484375,0.059967041015625,0.0532684326171875
1772639549150124300,4.983124267578125,-0.993377685546875,0.0627899169921875,0.0529937744140625
1772639549160169500,4.99316943359375,-0.9930267333984375,0.0631256103515625,0.053192138671875
1772639549170214400,5.00321435546875,-0.99237060546875,0.063751220703125,0.0525054931640625
1772639549180259600,5.013259521484375,-0.991851806640625,0.063720703125,0.0536041259765625
1772639549190304500,5.023304443359375,-0.9894561767578125,0.0633392333984375,0.0519256591796875
1772639549200349400,5.033349365234375,-0.9860076904296875,0.06329345703125,0.0515594482421875
1772639549210394400,5.043394287109375,-0.9799041748046875,0.0626068115234375,0.05352783203125
1772639549220439600,5.053439453125,-0.980224609375,0.06097412109375,0.05181884765625
1772639549230484500,5.063484375,-0.9837188720703125,0.0608673095703125,0.050628662109375
1772639549240529400,5.073529296875,-0.985015869140625,0.0595703125,0.050262451171875
1772639549250574300,5.08357421875,-0.9837188720703125,0.060089111328125,0.0514678955078125
1772639549260618500,5.093618408203125,-0.9829864501953125,0.06024169921875,0.0521087646484375
1772639549270663400,5.103663330078125,-0.98455810546875,0.056915283203125,0.0505218505859375
1772639549280708400,5.113708251953125,-0.98773193359375,0.0569610595703125,0.04827880859375
1772639549290753300,5.123753173828125,-0.9861907958984375,0.05865478515625,0.0481414794921875
1772639549300798500,5.133798583984375,-0.986968994140625,0.0579986572265625,0.0502777099609375
1772639549310843400,5.143843505859375,-0.9889678955078125,0.0582733154296875,0.05023193359375
1772639549320888300,5.153888427734375,-0.99285888671875,0.059295654296875,0.0485382080078125
1772639549330933200,5.163933349609375,-0.9937896728515625,0.06072998046875,0.045928955078125
1772639549340978400,5.173978515625,-0.991119384765625,0.062652587890625,0.044708251953125
1772639549351023400,5.1840234375,-0.988922119140625,0.06182861328125,0.0475616455078125
1772639549361068500,5.194068603515625,-0.9858551025390625,0.0599517822265625,0.0520782470703125
1772639549371112400,5.204112548828125,-0.98651123046875,0.05963134765625,0.051910400390625
1772639549381157400,5.214157470703125,-0.9871673583984375,0.0605316162109375,0.0522003173828125
1772639549391202600,5.22420263671875,-0.98828125,0.0609588623046875,0.0521087646484375
1772639549401247500,5.23424755859375,-0.9898223876953125,0.0608367919921875,0.0511932373046875
1772639549411292400,5.24429248046875,-0.9892425537109375,0.0600128173828125,0.052642822265625
1772639549421337300,5.25433740234375,-0.989776611328125,0.0599365234375,0.0536346435546875
1772639549431382500,5.264382568359375,-0.990509033203125,0.0597991943359375,0.0521240234375
1772639549441427500,5.274427490234375,-0.98992919921875,0.0593719482421875,0.0514373779296875
1772639549451472400,5.284472412109375,-0.9906158447265625,0.0587005615234375,0.05120849609375
1772639549461517300,5.294517333984375,-0.9906463623046875,0.058502197265625,0.050537109375
1772639549471562500,5.3045625,-0.9923858642578125,0.05853271484375,0.0484771728515625
1772639549481607400,5.314607421875,-0.9914398193359375,0.058624267578125,0.048736572265625
1772639549491651300,5.3246513671875,-0.9884490966796875,0.059783935546875,0.0512542724609375
1772639549501696300,5.3346962890625,-0.9871673583984375,0.0596923828125,0.0508270263671875
1772639549511741400,5.344741455078125,-0.9882354736328125,0.0579681396484375,0.04949951171875
1772639549521786400,5.354786376953125,-0.987091064453125,0.0576324462890625,0.048126220703125
1772639549531831600,5.36483154296875,-0.98638916015625,0.0578765869140625,0.0482940673828125
1772639549541876200,5.374876220703125,-0.9846343994140625,0.058197021484375,0.0472259521484375
1772639549551921400,5.38492138671875,-0.984954833984375,0.0577545166015625,0.04718017578125
1772639549561966300,5.39496630859375,-0.985565185546875,0.057586669921875,0.0501251220703125
1772639549572011500,5.405011474609375,-0.9886016845703125,0.05767822265625,0.052581787109375
1772639549582056200,5.41505615234375,-0.989898681640625,0.057891845703125,0.051239013671875
1772639549592101400,5.425101318359375,-0.990814208984375,0.05889892578125,0.0529937744140625
1772639549602146300,5.435146240234375,-0.9942474365234375,0.057708740234375,0.052764892578125
1772639549612190500,5.4451904296875,-0.9939422607421875,0.0583953857421875,0.04937744140625
1772639549622235400,5.4552353515625,-0.992645263671875,0.058929443359375,0.0478668212890625
1772639549632280300,5.4652802734375,-0.9890899658203125,0.05718994140625,0.0471649169921875
1772639549642325500,5.475325439453125,-0.9848175048828125,0.057647705078125,0.047027587890625
1772639549652370400,5.485370361328125,-0.9819183349609375,0.0572967529296875,0.0491943359375
1772639549662415600,5.49541552734375,-0.984405517578125,0.057708740234375,0.0516357421875
1772639549672460300,5.505460205078125,-0.9862823486328125,0.0584259033203125,0.052581787109375
1772639549682505500,5.51550537109375,-0.98846435546875,0.057647705078125,0.0496063232421875
1772639549692550400,5.52555029296875,-0.9887237548828125,0.05914306640625,0.049285888671875
1772639549702595600,5.535595703125,-0.98931884765625,0.0597991943359375,0.0490570068359375
1772639549712640300,5.54564013671875,-0.991302490234375,0.05938720703125,0.0477142333984375
1772639549722685400,5.555685546875,-0.992828369140625,0.060638427734375,0.049407958984375
1772639549732729300,5.565729248046875,-0.9893035888671875,0.0599365234375,0.0503692626953125
1772639549742774500,5.5757744140625,-0.98626708984375,0.059967041015625,0.0536651611328125
1772639549752819200,5.585819091796875,-0.9850921630859375,0.0593719482421875,0.052978515625
1772639549762864400,5.595864501953125,-0.9879913330078125,0.058929443359375,0.051910400390625
1772639549772909300,5.605909423828125,-0.98760986328125,0.0584716796875,0.0525665283203125
1772639549782954500,5.61595458984375,-0.98675537109375,0.057586669921875,0.0522918701171875
1772639549792999400,5.62599951171875,-0.9877166748046875,0.0580291748046875,0.0517425537109375
1772639549803044400,5.63604443359375,-0.9886016845703125,0.0572662353515625,0.0533294677734375
1772639549813089300,5.64608935546875,-0.9884490966796875,0.057373046875,0.0525970458984375
1772639549823134500,5.656134521484375,-0.98785400390625,0.0583953857421875,0.0518646240234375
1772639549833179400,5.666179443359375,-0.986114501953125,0.05828857421875,0.0494384765625
1772639549843224300,5.676224365234375,-0.9811859130859375,0.056304931640625,0.0480499267578125
1772639549853268500,5.6862685546875,-0.9801025390625,0.0567779541015625,0.050872802734375
1772639549863313400,5.6963134765625,-0.9807281494140625,0.0561981201171875,0.0540313720703125
1772639549873358600,5.706358642578125,-0.9851226806640625,0.0573883056640625,0.0527191162109375
1772639549883403300,5.7164033203125,-0.9886627197265625,0.05889892578125,0.054168701171875
1772639549893448400,5.726448486328125,-0.99102783203125,0.0596923828125,0.0539093017578125
1772639549903493400,5.736493408203125,-0.994140625,0.0591278076171875,0.0545806884765625
1772639549913538600,5.74653857421875,-0.993743896484375,0.0605621337890625,0.054412841796875
1772639549923583500,5.75658349609375,-0.9947509765625,0.0614471435546875,0.053253173828125
1772639549933628400,5.76662841796875,-0.9915618896484375,0.0599517822265625,0.052276611328125
1772639549943673300,5.77667333984375,-0.9884033203125,0.0582122802734375,0.051422119140625
1772639549953718500,5.786718505859375,-0.9818878173828125,0.0582122802734375,0.0513916015625
1772639549963762200,5.79676220703125,-0.9785614013671875,0.058135986328125,0.051177978515625
1772639549973807400,5.806807373046875,-0.977203369140625,0.0543212890625,0.0486907958984375
1772639549983852300,5.816852294921875,-0.9758453369140625,0.055908203125,0.048553466796875
1772639549993897500,5.8268974609375,-0.978607177734375,0.0550079345703125,0.0494842529296875
1772639550003942400,5.8369423828125,-0.980712890625,0.0540924072265625,0.0464630126953125
1772639550013987300,5.8469873046875,-0.9845428466796875,0.054443359375,0.0447235107421875
1772639550024032300,5.8570322265625,-0.9872283935546875,0.0554351806640625,0.0489501953125
1772639550034077400,5.867077392578125,-0.9878692626953125,0.0560760498046875,0.0511474609375
1772639550044122400,5.877122314453125,-0.990692138671875,0.057037353515625,0.0502471923828125
1772639550054167600,5.88716748046875,-0.989410400390625,0.056060791015625,0.051666259765625
1772639550064212200,5.897212158203125,-0.985626220703125,0.0547027587890625,0.0507354736328125
1772639550074257400,5.90725732421875,-0.988067626953125,0.055145263671875,0.051422119140625
1772639550084301600,5.917301513671875,-0.988922119140625,0.055419921875,0.05059814453125
1772639550094346200,5.92734619140625,-0.9895477294921875,0.0549468994140625,0.05291748046875
1772639550104391400,5.937391357421875,-0.99072265625,0.0549774169921875,0.0532073974609375
1772639550114436400,5.947436279296875,-0.990234375,0.05645751953125,0.052215576171875
1772639550124481500,5.9574814453125,-0.9909210205078125,0.0579681396484375,0.051483154296875
1772639550134526500,5.9675263671875,-0.9913482666015625,0.0605621337890625,0.0530242919921875
1772639550144571400,5.9775712890625,-0.9932861328125,0.0587158203125,0.0512847900390625
1772639550154616300,5.9876162109375,-0.990753173828125,0.057525634765625,0.0475311279296875
1772639550164661500,5.99766162109375,-0.9882049560546875,0.05792236328125,0.0490264892578125
1772639550174706400,6.00770654296875,-0.98675537109375,0.0570068359375,0.051025390625
1772639550184751600,6.017751708984375,-0.9867095947265625,0.0563812255859375,0.050384521484375
1772639550194796300,6.02779638671875,-0.9856719970703125,0.0565643310546875,0.0498809814453125
1772639550204840400,6.03784033203125,-0.9874267578125,0.05657958984375,0.047943115234375
1772639550214885400,6.047885498046875,-0.989715576171875,0.0554351806640625,0.047210693359375
1772639550224930300,6.057930419921875,-0.98956298828125,0.057159423828125,0.047698974609375
1772639550234975200,6.067975341796875,-0.989959716796875,0.054840087890625,0.04681396484375
1772639550245020400,6.0780205078125,-0.990966796875,0.0537567138671875,0.0466156005859375
1772639550255065300,6.0880654296875,-0.9897613525390625,0.05560302734375,0.048187255859375
1772639550265110500,6.098110595703125,-0.9902801513671875,0.0561370849609375,0.04827880859375
1772639550275155200,6.1081552734375,-0.9880523681640625,0.05389404296875,0.047607421875
1772639550285200400,6.118200439453125,-0.9863128662109375,0.0541534423828125,0.046295166015625
1772639550295245300,6.128245361328125,-0.984344482421875,0.0553741455078125,0.0500030517578125
1772639550305290500,6.13829052734375,-0.98785400390625,0.0582122802734375,0.0501251220703125
1772639550315335400,6.14833544921875,-0.9886932373046875,0.058990478515625,0.05084228515625
1772639550325379300,6.15837939453125,-0.9881744384765625,0.06072998046875,0.0509185791015625
1772639550335424500,6.168424560546875,-0.9889373779296875,0.0615234375,0.0491943359375
1772639550345469400,6.178469482421875,-0.99017333984375,0.059906005859375,0.048248291015625
1772639550355514400,6.188514404296875,-0.988433837890625,0.060760498046875,0.051727294921875
1772639550365559300,6.198559326171875,-0.988006591796875,0.060333251953125,0.0512542724609375
1772639550375604500,6.2086044921875,-0.9884185791015625,0.059234619140625,0.0501708984375
1772639550385649400,6.2186494140625,-0.9876556396484375,0.059814453125,0.0482330322265625
1772639550395694600,6.228694580078125,-0.9883575439453125,0.057647705078125,0.044647216796875
1772639550405739300,6.2387392578125,-0.9855804443359375,0.0582427978515625,0.0454559326171875
1772639550415784400,6.248784423828125,-0.983673095703125,0.0603790283203125,0.0460052490234375
1772639550425829400,6.258829345703125,-0.984344482421875,0.0606231689453125,0.04742431640625
1772639550435874600,6.26887451171875,-0.9858245849609375,0.0604248046875,0.04705810546875
1772639550445918200,6.278918212890625,-0.9865264892578125,0.0592803955078125,0.046539306640625
1772639550455963400,6.28896337890625,-0.9860687255859375,0.059783935546875,0.0471343994140625
1772639550466008300,6.29900830078125,-0.9875946044921875,0.05938720703125,0.0501556396484375
1772639550476053500,6.309053466796875,-0.9895782470703125,0.060943603515625,0.0510406494140625
1772639550486098200,6.31909814453125,-0.9875946044921875,0.0601043701171875,0.0513916015625
1772639550496143400,6.329143310546875,-0.98687744140625,0.06170654296875,0.054412841796875
1772639550506188300,6.339188232421875,-0.9856109619140625,0.060455322265625,0.05322265625
1772639550516233500,6.3492333984375,-0.981689453125,0.059356689453125,0.0518035888671875
1772639550526278400,6.3592783203125,-0.9833831787109375,0.0583343505859375,0.0496978759765625
1772639550536323300,6.3693232421875,-0.984619140625,0.0573577880859375,0.0507354736328125
1772639550546368300,6.3793681640625,-0.9845123291015625,0.0592498779296875,0.05206298828125
1772639550556412400,6.389412353515625,-0.98565673828125,0.057952880859375,0.0538330078125
1772639550566457600,6.39945751953125,-0.985565185546875,0.05841064453125,0.056976318359375
1772639550576502300,6.409502197265625,-0.98602294921875,0.058349609375,0.056976318359375
1772639550586547500,6.41954736328125,-0.9850921630859375,0.0571746826171875,0.055389404296875
1772639550596592400,6.42959228515625,-0.9844818115234375,0.0575714111328125,0.0537567138671875
1772639550606637600,6.439637451171875,-0.988037109375,0.0579833984375,0.0554351806640625
1772639550616682200,6.44968212890625,-0.9910125732421875,0.0566253662109375,0.0553741455078125
1772639550626727400,6.4597275390625,-0.993743896484375,0.055694580078125,0.0538330078125
1772639550636772400,6.4697724609375,-0.9966583251953125,0.0581207275390625,0.0522308349609375
1772639550646817500,6.479817626953125,-0.9989776611328125,0.0576629638671875,0.0524444580078125
1772639550656862500,6.489862548828125,-0.99847412109375,0.0585479736328125,0.0533905029296875
1772639550666907400,6.499907470703125,-0.9978485107421875,0.0575714111328125,0.05242919921875
1772639550676951300,6.509951416015625,-0.9966583251953125,0.0597381591796875,0.048980712890625
1772639550686996500,6.51999658203125,-0.9947967529296875,0.0613250732421875,0.04827880859375
1772639550697041400,6.53004150390625,-0.990936279296875,0.059967041015625,0.0489349365234375
1772639550707086300,6.54008642578125,-0.988677978515625,0.0579376220703125,0.0509185791015625
1772639550717131300,6.55013134765625,-0.9858856201171875,0.0577239990234375,0.0502166748046875
1772639550727176400,6.560176513671875,-0.9832611083984375,0.05804443359375,0.048828125
1772639550737221400,6.570221435546875,-0.98590087890625,0.0578460693359375,0.047760009765625
1772639550747266300,6.580266357421875,-0.9852294921875,0.057586669921875,0.04693603515625
1772639550757311200,6.590311279296875,-0.9900054931640625,0.057373046875,0.047882080078125
1772639550767356400,6.6003564453125,-0.989532470703125,0.058746337890625,0.046234130859375
1772639550777401300,6.6104013671875,-0.988006591796875,0.059722900390625,0.0444793701171875
1772639550787446500,6.620446533203125,-0.9871826171875,0.05950927734375,0.0432586669921875
1772639550797490400,6.630490478515625,-0.9878997802734375,0.059295654296875,0.0453643798828125
1772639550807535400,6.640535400390625,-0.988189697265625,0.0583038330078125,0.04718017578125
1772639550817580500,6.65058056640625,-0.99029541015625,0.057952880859375,0.0455169677734375
1772639550827625500,6.66062548828125,-0.991668701171875,0.05926513671875,0.0481109619140625
1772639550837670400,6.67067041015625,-0.9913787841796875,0.0610809326171875,0.04888916015625
1772639550847715300,6.68071533203125,-0.9941558837890625,0.0587615966796875,0.04925537109375
1772639550857760500,6.690760498046875,-0.9925994873046875,0.059356689453125,0.04656982421875
1772639550867805400,6.700805419921875,-0.9846649169921875,0.05853271484375,0.0494537353515625
1772639550877850400,6.710850341796875,-0.9799041748046875,0.058013916015625,0.0510101318359375
1772639550887895300,6.720895263671875,-0.9829559326171875,0.0566864013671875,0.0532379150390625
1772639550897940500,6.7309404296875,-0.980926513671875,0.0557403564453125,0.057220458984375
1772639550907985400,6.7409853515625,-0.979949951171875,0.055328369140625,0.0574798583984375
1772639550918029300,6.751029296875,-0.9812469482421875,0.054412841796875,0.0536956787109375
1772639550928074200,6.76107421875,-0.9853057861328125,0.0537567138671875,0.0500335693359375
1772639550938119400,6.771119384765625,-0.987274169921875,0.05523681640625,0.04931640625
1772639550948164400,6.781164306640625,-0.9877471923828125,0.0562286376953125,0.0446014404296875
1772639550958209500,6.79120947265625,-0.989959716796875,0.0562591552734375,0.0447540283203125
1772639550968254200,6.801254150390625,-0.990478515625,0.058441162109375,0.043548583984375
1772639550978299400,6.81129931640625,-0.9910736083984375,0.058807373046875,0.0452117919921875
1772639550988344300,6.82134423828125,-0.9911346435546875,0.0577392578125,0.048065185546875
1772639550998389500,6.831389404296875,-0.9922027587890625,0.0597991943359375,0.0498199462890625
1772639551008434200,6.84143408203125,-0.9917144775390625,0.0606536865234375,0.0511016845703125
1772639551018479400,6.851479248046875,-0.9910125732421875,0.061248779296875,0.0477752685546875
1772639551028523500,6.8615234375,-0.9902801513671875,0.061065673828125,0.049072265625
1772639551038568400,6.871568359375,-0.986236572265625,0.0608673095703125,0.0489044189453125
1772639551048613400,6.88161328125,-0.9820709228515625,0.0605010986328125,0.050262451171875
1772639551058658300,6.891658203125,-0.9820709228515625,0.060760498046875,0.0517425537109375
1772639551068703500,6.901703369140625,-0.9795684814453125,0.059356689453125,0.0530548095703125
1772639551078748400,6.91174853515625,-0.9763031005859375,0.057037353515625,0.052581787109375
1772639551088793600,6.921793701171875,-0.9864959716796875,0.0583953857421875,0.05657958984375
1772639551098838300,6.93183837890625,-0.9833984375,0.0593719482421875,0.052886962890625
1772639551108883000,6.941883056640625,-0.98394775390625,0.0590972900390625,0.057342529296875
1772639551118928000,6.951927978515625,-0.9853515625,0.0572052001953125,0.05615234375
1772639551128973000,6.96197314453125,-0.9851837158203125,0.0578765869140625,0.0525360107421875
1772639551139017700,6.972017822265625,-0.9862213134765625,0.0569305419921875,0.0529937744140625
1772639551149062000,6.982061767578125,-0.9854888916015625,0.054779052734375,0.0521240234375
1772639551159107000,6.992107177734375,-0.9867706298828125,0.055267333984375,0.0514373779296875
1772639551169151700,7.00215185546875,-0.9926300048828125,0.0559539794921875,0.0480194091796875
1772639551179197000,7.012197021484375,-0.9963531494140625,0.055877685546875,0.0486602783203125
1772639551189241900,7.022241943359375,-0.997802734375,0.0575714111328125,0.0496673583984375
1772639551199287000,7.032287109375,-0.9976654052734375,0.056976318359375,0.0483856201171875
1772639551209332000,7.04233203125,-0.9944305419921875,0.05706787109375,0.0479736328125
1772639551219377000,7.052376953125,-0.9915771484375,0.0582122802734375,0.0493927001953125
1772639551229421800,7.062421875,-0.9887237548828125,0.057525634765625,0.0498046875
1772639551239467000,7.072467041015625,-0.986541748046875,0.0577239990234375,0.05072021484375
1772639551249512000,7.082511962890625,-0.98681640625,0.0585174560546875,0.049072265625
1772639551259557000,7.09255712890625,-0.9849395751953125,0.05877685546875,0.0494384765625
1772639551269600800,7.102600830078125,-0.981689453125,0.0595703125,0.048614501953125
1772639551279646000,7.11264599609375,-0.9812164306640625,0.0582122802734375,0.0507965087890625
1772639551289691000,7.12269091796875,-0.9797821044921875,0.0574493408203125,0.0515289306640625
1772639551299735800,7.13273583984375,-0.9812774658203125,0.0561065673828125,0.0488128662109375
1772639551309780700,7.14278076171875,-0.986297607421875,0.0552215576171875,0.0467987060546875
1772639551319826000,7.152825927734375,-0.992034912109375,0.0557098388671875,0.046966552734375
1772639551329870800,7.162870849609375,-0.9960174560546875,0.05609130859375,0.0478973388671875
1772639551339916000,7.172916015625,-0.9986724853515625,0.0570220947265625,0.0505523681640625
1772639551349960700,7.182960693359375,-0.9990081787109375,0.058929443359375,0.04888916015625
1772639551360006000,7.193005859375,-0.994476318359375,0.0584564208984375,0.04736328125
1772639551370050800,7.20305078125,-0.9885711669921875,0.0569915771484375,0.0455322265625
1772639551380096000,7.213095947265625,-0.98419189453125,0.0548553466796875,0.044219970703125
1772639551390140000,7.223139892578125,-0.9804534912109375,0.0537872314453125,0.045989990234375
1772639551400184800,7.233184814453125,-0.9843292236328125,0.05413818359375,0.0462493896484375
1772639551410230000,7.24322998046875,-0.98956298828125,0.0566864013671875,0.046478271484375
1772639551420275000,7.25327490234375,-0.9906158447265625,0.0587158203125,0.0469512939453125
1772639551430319900,7.26331982421875,-0.990509033203125,0.0589752197265625,0.04949951171875
1772639551440364800,7.27336474609375,-0.99017333984375,0.059356689453125,0.046356201171875
1772639551450410000,7.283409912109375,-0.988006591796875,0.061676025390625,0.04541015625
1772639551460455000,7.293454833984375,-0.984619140625,0.061737060546875,0.04473876953125
1772639551470500000,7.3035,-0.9835662841796875,0.0605010986328125,0.0448150634765625
1772639551480544800,7.313544677734375,-0.9815521240234375,0.060150146484375,0.04461669921875
1772639551490590000,7.32358984375,-0.979888916015625,0.0600738525390625,0.0449676513671875
1772639551500635000,7.333634765625,-0.9822998046875,0.0599822998046875,0.04534912109375
1772639551510679000,7.343678955078125,-0.9871978759765625,0.061126708984375,0.045074462890625
1772639551520723700,7.3537236328125,-0.9908599853515625,0.06219482421875,0.04351806640625
1772639551530769000,7.363768798828125,-0.992156982421875,0.06121826171875,0.0417633056640625
1772639551540813800,7.373813720703125,-0.989959716796875,0.0610809326171875,0.042388916015625
1772639551550859000,7.38385888671875,-0.987274169921875,0.0598602294921875,0.04345703125
1772639551560903700,7.393903564453125,-0.9859771728515625,0.0605010986328125,0.046905517578125
1772639551570948900,7.403948974609375,-0.985260009765625,0.0576019287109375,0.0470733642578125
1772639551580993800,7.413993896484375,-0.9836578369140625,0.0545196533203125,0.0485687255859375
1772639551591039000,7.4240390625,-0.9793701171875,0.05670166015625,0.0520172119140625
1772639551601084000,7.434083984375,-0.9788665771484375,0.05535888671875,0.054718017578125
1772639551611128800,7.44412890625,-0.978302001953125,0.05377197265625,0.0577392578125
1772639551621173000,7.454173095703125,-0.9790496826171875,0.0552215576171875,0.055145263671875
1772639551631218000,7.464218017578125,-0.9822845458984375,0.056915283203125,0.0531768798828125
1772639551641263000,7.47426318359375,-0.9836883544921875,0.0596160888671875,0.0560455322265625
1772639551651307800,7.484307861328125,-0.9850921630859375,0.06024169921875,0.0569000244140625
1772639551661353000,7.49435302734375,-0.989715576171875,0.0608367919921875,0.0579833984375
1772639551671398000,7.50439794921875,-0.9913330078125,0.062225341796875,0.055877685546875
1772639551681443000,7.514443115234375,-0.993621826171875,0.064544677734375,0.0516815185546875
1772639551691487700,7.52448779296875,-0.999420166015625,0.0651397705078125,0.054473876953125
1772639551701533000,7.534532958984375,-0.9999237060546875,0.0635833740234375,0.0566253662109375
1772639551711577900,7.544577880859375,-0.998199462890625,0.062530517578125,0.057647705078125
1772639551721623000,7.554623046875,-0.996368408203125,0.0620269775390625,0.052764892578125
1772639551731668000,7.56466796875,-0.9915771484375,0.0622406005859375,0.049285888671875
1772639551741712000,7.5747119140625,-0.9842376708984375,0.0593109130859375,0.0445404052734375
1772639551751756800,7.5847568359375,-0.9825286865234375,0.057647705078125,0.0416717529296875
1772639551761802000,7.594802001953125,-0.9828033447265625,0.0583648681640625,0.038055419921875
1772639551771847000,7.604846923828125,-0.981231689453125,0.0553436279296875,0.0337371826171875
1772639551781891800,7.614891845703125,-0.983306884765625,0.0550079345703125,0.03363037109375
1772639551791936800,7.624936767578125,-0.9884033203125,0.0575103759765625,0.0372314453125
1772639551801982000,7.63498193359375,-0.9972686767578125,0.0611114501953125,0.0413360595703125
